email-match,@500px.com,fa-icon,500px,end
email-match,.500px.com,fa-icon,500px,end

email-match,@accusoft.com,fa-icon,accusoft,end
email-match,.accusoft.com,fa-icon,accusoft,end
email-match,@adobesystems.com,fa-icon,adobe,end
email-match,.adobesystems.com,fa-icon,adobe,end
email-match,@adobe.com,fa-icon,adobe,end
email-match,.adobe.com,fa-icon,adobe,end
email-match,@email-adoberevel.com,fa-icon,adobe,end
email-match,@adversal.com,fa-icon,adversal,end
email-match,.adversal.com,fa-icon,adversal,end
email-match,@affiliatetheme.io,fa-icon,affiliatetheme,end
email-match,.affiliatetheme.io,fa-icon,affiliatetheme,end
email-match,@airbnb.com,fa-icon,airbnb,end
email-match,.airbnb.com,fa-icon,airbnb,end
email-match,communications@algolia.com,fa-icon,algolia,end
email-match,community@algolia.com,fa-icon,algolia,end
email-match,documentationsearch@algolia.com,fa-icon,algolia,end
email-match,support@algolia.com,fa-icon,algolia,end
email-match,.algolia.com,fa-icon,algolia,end
email-match,@alipay.com,fa-icon,alipay,end
email-match,.alipay.com,fa-icon,alipay,end
email-match,@amazon.ae,fa-icon,amazon,end
email-match,.amazon.ae,fa-icon,amazon,end
email-match,@amazon.com,fa-icon,amazon,end
email-match,.amazon.com,fa-icon,amazon,end
email-match,@amazon.com.au,fa-icon,amazon,end
email-match,.amazon.com.au,fa-icon,amazon,end
email-match,@amazon.com.br,fa-icon,amazon,end
email-match,.amazon.com.br,fa-icon,amazon,end
email-match,@amazon.com.mx,fa-icon,amazon,end
email-match,.amazon.com.mx,fa-icon,amazon,end
email-match,@amazon.com.tr,fa-icon,amazon,end
email-match,.amazon.com.tr,fa-icon,amazon,end
email-match,@amazon.co.jp,fa-icon,amazon,end
email-match,.amazon.co.jp,fa-icon,amazon,end
email-match,@amazon.co.uk,fa-icon,amazon,end
email-match,.amazon.co.uk,fa-icon,amazon,end
email-match,@amazon.cn,fa-icon,amazon,end
email-match,.amazon.cn,fa-icon,amazon,end
email-match,@amazon.de,fa-icon,amazon,end
email-match,.amazon.de,fa-icon,amazon,end
email-match,@amazon.es,fa-icon,amazon,end
email-match,.amazon.es,fa-icon,amazon,end
email-match,@amazon.fr,fa-icon,amazon,end
email-match,.amazon.fr,fa-icon,amazon,end
email-match,@amazon.in,fa-icon,amazon,end
email-match,.amazon.in,fa-icon,amazon,end
email-match,@amazon.it,fa-icon,amazon,end
email-match,.amazon.it,fa-icon,amazon,end
email-match,@amazon.nl,fa-icon,amazon,end
email-match,.amazon.nl,fa-icon,amazon,end
email-match,@amazon.sg,fa-icon,amazon,end
email-match,.amazon.sg,fa-icon,amazon,end
email-match,@amilia.com,fa-icon,amilia,end
email-match,.amilia.com,fa-icon,amilia,end
email-match,@android.com,fa-icon,android,end
email-match,.android.com,fa-icon,android,end
email-match,@androidtv.com,fa-icon,android,end
email-match,.androidtv.com,fa-icon,android,end
email-match,@angel.co,fa-icon,angellist,end
email-match,.angel.co,fa-icon,angellist,end
email-match,@angrycreative.se,fa-icon,angrycreative,end
email-match,.angrycreative.se,fa-icon,angrycreative,end
email-match,@angular.io,fa-icon,angular,end
email-match,.angular.io,fa-icon,angular,end
email-match,@angularjs.org,fa-icon,angular,end
email-match,.angularjs.org,fa-icon,angular,end
email-match,@apper.com,fa-icon,apper,end
email-match,.apper.com,fa-icon,apper,end
email-match,@apple.com,fa-icon,apple,end
email-match,.apple.com,fa-icon,apple,end
email-match,@inside.icloud.com,fa-icon,apple,end
email-match,@asymmetrik.com,fa-icon,asymmetrik,end
email-match,.asymmetrik.com,fa-icon,asymmetrik,end
email-match,@atlassian.com,fa-icon,atlassian,end
email-match,.atlassian.com,fa-icon,atlassian,end
email-match,@artstation.com,fa-icon,artstation,end
email-match,.artstation.com,fa-icon,artstation,end
email-match,@audible.com,fa-icon,audible,end
email-match,.audible.com,fa-icon,audible,end
email-match,aws-marketing-email-replies@amazon.com,fa-icon,aws,end
email-match,aws@amazon.com,fa-icon,aws,end
email-match,aws-marketplace-email@amazon.com,fa-icon,aws,end

email-match,@bandcamp.com,fa-icon,bandcamp,end
email-match,.bandcamp.com,fa-icon,bandcamp,end
email-match,@battle.net,fa-icon,battle-net,end
email-match,.battle.net,fa-icon,battle-net,end
email-match,@behance.com,fa-icon,behance,end
email-match,.behance.com,fa-icon,behance,end
email-match,@bimobject.com,fa-icon,bimobject,end
email-match,.bimobject.com,fa-icon,bimobject,end
email-match,@bitbucket.com,fa-icon,bitbucket,end
email-match,.bitbucket.com,fa-icon,bitbucket,end
email-match,@bitbucket.org,fa-icon,bitbucket,end
email-match,.bitbucket.org,fa-icon,bitbucket,end
email-match,@bitcoin.org,fa-icon,bitcoin,end
email-match,.bitcoin.org,fa-icon,bitcoin,end
email-match,@bity.com,fa-icon,bity,end
email-match,.bity.com,fa-icon,bity,end
email-match,@blackberry.com,fa-icon,blackberry,end
email-match,.blackberry.com,fa-icon,blackberry,end
email-match,@blogger.com,fa-icon,blogger,end
email-match,.blogger.com,fa-icon,blogger,end
email-match,@bluetooth.com,fa-icon,bluetooth-b,end
email-match,.bluetooth.com,fa-icon,bluetooth-b,end
email-match,@getbootstrap.com,fa-icon,bootstrap,end
email-match,.getbootstrap.com,fa-icon,bootstrap,end
email-match,@bueromoebel-experte.de,fa-icon,buromobelexperte,end
email-match,.bueromoebel-experte.de,fa-icon,buromobelexperte,end
email-match,@buysellads.com,fa-icon,buysellads,end
email-match,.buysellads.com,fa-icon,buysellads,end

email-match,@americanexpress.com,fa-icon,cc-amex,end
email-match,.americanexpress.com,fa-icon,cc-amex,end
email-match,@mastercard.com,fa-icon,cc-mastercard,end
email-match,.mastercard.com,fa-icon,cc-mastercard,end
email-match,@mastercard.co.uk,fa-icon,cc-mastercard,end
email-match,.mastercard.co.uk,fa-icon,cc-mastercard,end
email-match,@mastercard.de,fa-icon,cc-mastercard,end
email-match,.mastercard.de,fa-icon,cc-mastercard,end
email-match,@mastercard.fr,fa-icon,cc-mastercard,end
email-match,.mastercard.fr,fa-icon,cc-mastercard,end
email-match,@visa.com,fa-icon,cc-visa,end
email-match,.visa.com,fa-icon,cc-visa,end
email-match,@visa.co.jp,fa-icon,cc-visa,end
email-match,.visa.co.jp,fa-icon,cc-visa,end
email-match,@visa.co.uk,fa-icon,cc-visa,end
email-match,.visa.co.uk,fa-icon,cc-visa,end

email-match,@canada.ca,fa-icon,canadian-maple-leaf,end
email-match,.canada.ca,fa-icon,canadian-maple-leaf,end
email-match,@centercode.com,fa-icon,centercode,end
email-match,.centercode.com,fa-icon,centercode,end
email-match,@centos.org,fa-icon,centos,end
email-match,.centos.org,fa-icon,centos,end
email-match,chromewebstore-dev-support@google.com,fa-icon,chrome,end
email-match,chromewebstore-noreply@google.com,fa-icon,chrome,end
email-match,@chromium.org,fa-icon,chrome,end
email-match,.chromium.org,fa-icon,chrome,end
email-match,@cloudscale.ch,fa-icon,cloudscale,end
email-match,.cloudscale.ch,fa-icon,cloudscale,end
email-match,@cloudsmith.io,fa-icon,cloudsmith,end
email-match,.cloudsmith.io,fa-icon,cloudsmith,end
email-match,@cloudversify.com,fa-icon,cloudversify,end
email-match,.cloudversify.com,fa-icon,cloudversify,end
email-match,@codepen.io,fa-icon,codepen,end
email-match,.codepen.io,fa-icon,codepen,end
email-match,@codiepie.com,fa-icon,codiepie,end
email-match,.codiepie.com,fa-icon,codiepie,end
email-match,@connectdevelop.com,fa-icon,connectdevelop,end
email-match,.connectdevelop.com,fa-icon,connectdevelop,end
email-match,@contao.org,fa-icon,contao,end
email-match,.contao.org,fa-icon,contao,end
email-match,@cottonbureau.com,fa-icon,cotton-bureau,end
email-match,.cottonbureau.com,fa-icon,cotton-bureau,end
email-match,@cpanel.com,fa-icon,cpanel,end
email-match,.cpanel.com,fa-icon,cpanel,end
email-match,@cpanel.net,fa-icon,cpanel,end
email-match,.cpanel.net,fa-icon,cpanel,end
email-match,@critrole.com,fa-icon,critical-role,end
email-match,.critrole.com,fa-icon,critical-role,end
email-match,@wearecuttlefish.com,fa-icon,cuttlefish,end
email-match,.wearecuttlefish.com,fa-icon,cuttlefish,end

email-match,@dailymotion.com,fa-icon,dailymotion,end
email-match,.dailymotion.com,fa-icon,dailymotion,end
email-match,@dashcube.com,fa-icon,dashcube,end
email-match,.dashcube.com,fa-icon,dashcube,end
email-match,@dev.to,fa-icon,dev,end
email-match,.dev.to,fa-icon,dev,end
email-match,@deviantart.com,fa-icon,deviantart,end
email-match,.deviantart.com,fa-icon,deviantart,end
email-match,@dhl.com,fa-icon,dhl,end
email-match,.dhl.com,fa-icon,dhl,end
email-match,@diaspora.com,fa-icon,diaspora,end
email-match,.diaspora.com,fa-icon,diaspora,end
email-match,@digg.com,fa-icon,digg,end
email-match,.digg.com,fa-icon,digg,end
email-match,@digitalocean.com,fa-icon,digital-ocean,end
email-match,.digitalocean.com,fa-icon,digital-ocean,end
email-match,@discordapp.com,fa-icon,discord,end
email-match,.discordapp.com,fa-icon,discord,end
email-match,@discourse.org,fa-icon,discourse,end
email-match,.discourse.org,fa-icon,discourse,end
email-match,@dochub.com,fa-icon,dochub,end
email-match,.dochub.com,fa-icon,dochub,end
email-match,@docker.com,fa-icon,docker,end
email-match,.docker.com,fa-icon,docker,end
email-match,@draft2digital.com,fa-icon,draft2digital,end
email-match,.draft2digital.com,fa-icon,draft2digital,end
email-match,@dribbble.com,fa-icon,dribbble,end
email-match,.dribbble.com,fa-icon,dribbble,end
email-match,@dropbox.com,fa-icon,dropbox,end
email-match,.dropbox.com,fa-icon,dropbox,end
email-match,@dropboxmail.com,fa-icon,dropbox,end
email-match,.dropboxmail.com,fa-icon,dropbox,end
email-match,@drupal.com,fa-icon,drupal,end
email-match,.drupal.com,fa-icon,drupal,end
email-match,@drupal.org,fa-icon,drupal,end
email-match,.drupal.org,fa-icon,drupal,end
email-match,@dyalog.com,fa-icon,dyalog,end
email-match,.dyalog.com,fa-icon,dyalog,end

email-match,@ebay.at,fa-icon,ebay,end
email-match,.ebay.at,fa-icon,ebay,end
email-match,@ebay.be,fa-icon,ebay,end
email-match,.ebay.be,fa-icon,ebay,end
email-match,@ebay.ca,fa-icon,ebay,end
email-match,.ebay.ca,fa-icon,ebay,end
email-match,@ebay.com,fa-icon,ebay,end
email-match,.ebay.com,fa-icon,ebay,end
email-match,@ebayglobalshipping.com,fa-icon,ebay,end
email-match,.ebayglobalshipping.com,fa-icon,ebay,end
email-match,@ebay.co.uk,fa-icon,ebay,end
email-match,.ebay.co.uk,fa-icon,ebay,end
email-match,@ebay.de,fa-icon,ebay,end
email-match,.ebay.de,fa-icon,ebay,end
email-match,@ebay.es,fa-icon,ebay,end
email-match,.ebay.es,fa-icon,ebay,end
email-match,@ebay.fr,fa-icon,ebay,end
email-match,.ebay.fr,fa-icon,ebay,end
email-match,@ebay.ie,fa-icon,ebay,end
email-match,.ebay.ie,fa-icon,ebay,end
email-match,@ebay.it,fa-icon,ebay,end
email-match,.ebay.it,fa-icon,ebay,end
email-match,@ebay.se,fa-icon,ebay,end
email-match,.ebay.se,fa-icon,ebay,end
email-match,@elementor.com,fa-icon,elementor,end
email-match,.elementor.com,fa-icon,elementor,end
email-match,@ello.co,fa-icon,ello,end
email-match,.ello.co,fa-icon,ello,end
email-match,@emberjs.com,fa-icon,ember,end
email-match,.emberjs.com,fa-icon,ember,end
email-match,@enviragallery.com,fa-icon,envira,end
email-match,.enviragallery.com,fa-icon,envira,end
email-match,@ethereum.org,fa-icon,ethereum,end
email-match,.ethereum.org,fa-icon,ethereum,end
email-match,@etsy.com,fa-icon,etsy,end
email-match,.etsy.com,fa-icon,etsy,end
email-match,@evernote.com,fa-icon,evernote,end
email-match,.evernote.com,fa-icon,evernote,end
email-match,@expeditedssl.com,fa-icon,expeditedssl,end
email-match,.expeditedssl.com,fa-icon,expeditedssl,end

email-match,@facebook.com,fa-icon,facebook,end
email-match,.facebook.com,fa-icon,facebook,end
email-match,@facebookmail.com,fa-icon,facebook,end
email-match,.facebookmail.com,fa-icon,facebook,end
email-match,@fb.com,fa-icon,facebook,end
email-match,.fb.com,fa-icon,facebook,end
email-match,@fedex.com,fa-icon,fedex,end
email-match,.fedex.com,fa-icon,fedex,end
email-match,.@getfedora.org,fa-icon,fedora,end
email-match,.getfedora.org,fa-icon,fedora,end
email-match,@figma.com,fa-icon,figma,end
email-match,.figma.com,fa-icon,figma,end
email-match,@firefox.com,fa-icon,firefox,end
email-match,.firefox.com,fa-icon,firefox,end
email-match,@flickr.com,fa-icon,flickr,end
email-match,.flickr.com,fa-icon,flickr,end
email-match,@flipboard.com,fa-icon,flipboard,end
email-match,.flipboard.com,fa-icon,flipboard,end
email-match,@fontawesome.com,fa-icon,font-awesome,end
email-match,.fontawesome.com,fa-icon,font-awesome,end
email-match,@fontawesome.io,fa-icon,font-awesome,end
email-match,.fontawesome.io,fa-icon,font-awesome,end
email-match,@forumbee.com,fa-icon,forumbee,end
email-match,.forumbee.com,fa-icon,forumbee,end
email-match,@foursquare.com,fa-icon,foursquare,end
email-match,.foursquare.com,fa-icon,foursquare,end
email-match,@freebsd.org,fa-icon,freebsd,end
email-match,.freebsd.org,fa-icon,freebsd,end
email-match,@freecodecamp.org,fa-icon,free-code-camp,end
email-match,.freecodecamp.org,fa-icon,free-code-camp,end

email-match,@getpocket.com,fa-icon,get-pocket,end
email-match,.getpocket.com,fa-icon,get-pocket,end
email-match,@atom.io,fa-icon,github,end
email-match,.atom.io,fa-icon,github,end
email-match,@github.com,fa-icon,github,end
email-match,.github.com,fa-icon,github,end
email-match,@gitkraken.com,fa-icon,gitkraken,end
email-match,.gitkraken.com,fa-icon,gitkraken,end
email-match,@gitlab.com,fa-icon,gitlab,end
email-match,.gitlab.com,fa-icon,gitlab,end
email-match,@gitter.im,fa-icon,gitter,end
email-match,.gitter.im,fa-icon,gitter,end
email-match,@gofore.com,fa-icon,gofore,end
email-match,.gofore.com,fa-icon,gofore,end
email-match,@goodreads.com,fa-icon,goodreads-g,end
email-match,.goodreads.com,fa-icon,goodreads-g,end
email-match,-analytics@google.com,fa-icon,google,end
email-match,-guides@google.com,fa-icon,google,end
email-match,-issues@google.com,fa-icon,google,end
email-match,-noreply@google.com,fa-icon,google,end
email-match,-system@google.com,fa-icon,google,end
email-match,-timeline@google.com,fa-icon,google,end
email-match,-travel@google.com,fa-icon,google,end
email-match,+feedproxy@google.com,fa-icon,google,end
email-match,photos@google.com,fa-icon,google,end
email-match,sharing@google.com,fa-icon,google,end
email-match,support@google.com,fa-icon,google,end
email-match,.google.com,fa-icon,google,end
email-match,@googleforwork.com,fa-icon,google,end
email-match,drive-shares-noreply@google.com,fa-icon,google-drive,end
email-match,-googleplay@google.com,fa-icon,google-play,end
email-match,googleplay-noreply@google.com,fa-icon,google-play,end
email-match,playpartners-noreply@google.com,fa-icon,google-play,end
email-match,news-googleplay@google.com,fa-icon,google-play,end
email-match,plus.google.com,fa-icon,google-plus,end
email-match,@gratipay.com,fa-icon,gratipay,end
email-match,.gratipay.com,fa-icon,gratipay,end
email-match,@getgrav.org,fa-icon,grav,end
email-match,.getgrav.org,fa-icon,grav,end
email-match,@gripfire.com,fa-icon,gripfire,end
email-match,.gripfire.com,fa-icon,gripfire,end
email-match,@gruntjs.com,fa-icon,grunt,end
email-match,.gruntjs.com,fa-icon,grunt,end
email-match,@gulpjs.com,fa-icon,gulp,end
email-match,.gulpjs.com,fa-icon,gulp,end

email-match,@hackerrank.com,fa-icon,hackerrank,end
email-match,.hackerrank.com,fa-icon,hackerrank,end
email-match,@hireahelper.com,fa-icon,hire-a-helper,end
email-match,.hireahelper.com,fa-icon,hire-a-helper,end
email-match,@hornbill.com,fa-icon,hornbill,end
email-match,.hornbill.com,fa-icon,hornbill,end
email-match,@hotjar.com,fa-icon,hotjar,end
email-match,.hotjar.com,fa-icon,hotjar,end
email-match,@houzz.com,fa-icon,houzz,end
email-match,.houzz.com,fa-icon,houzz,end
email-match,@hubspot.com,fa-icon,hubspot,end
email-match,.hubspot.com,fa-icon,hubspot,end

email-match,@itch.io,fa-icon,itch-io,end
email-match,.itch.io,fa-icon,itch-io,end
email-match,@imdb.com,fa-icon,imdb,end
email-match,.imdb.com,fa-icon,imdb,end
email-match,@invisionapp.com,fa-icon,invision,end
email-match,.invisionapp.com,fa-icon,invision,end
email-match,@instagram.com,fa-icon,instagram,end
email-match,.instagram.com,fa-icon,instagram,end
email-match,itunesaffiliates@apple.com,fa-icon,itunes,end
email-match,@itunes.com,fa-icon,itunes,end
email-match,.itunes.com,fa-icon,itunes,end
email-match,@itunesaffiliates.com,fa-icon,itunes,end
email-match,.itunesaffiliates.com,fa-icon,itunes,end
email-match,@applemusic.com,fa-icon,itunes-note,end
email-match,.applemusic.com,fa-icon,itunes-note,end

email-match,@java.com,fa-icon,java,end
email-match,.java.com,fa-icon,java,end
email-match,@jenkins.io,fa-icon,jenkins,end
email-match,.jenkins.io,fa-icon,jenkins,end
email-match,@joget.org,fa-icon,joget,end
email-match,.joget.org,fa-icon,joget,end
email-match,@joomla.org,fa-icon,joomla,end
email-match,.joomla.org,fa-icon,joomla,end
email-match,@javascript.com,fa-icon,js,end
email-match,.javascript.com,fa-icon,js,end
email-match,@jsfiddle.net,fa-icon,jsfiddle,end
email-match,.jsfiddle.net,fa-icon,jsfiddle,end

email-match,@kaggle.com,fa-icon,kaggle,end
email-match,.kaggle.com,fa-icon,kaggle,end
email-match,@keybase.io,fa-icon,keybase,end
email-match,.keybase.io,fa-icon,keybase,end
email-match,@keycdn.com,fa-icon,keycdn,end
email-match,.keycdn.com,fa-icon,keycdn,end
email-match,@kickstarter.com,fa-icon,kickstarter,end
email-match,.kickstarter.com,fa-icon,kickstarter,end
email-match,@korvue.com,fa-icon,korvue,end
email-match,.korvue.com,fa-icon,korvue,end

email-match,@laravel.com,fa-icon,laravel,end
email-match,.laravel.com,fa-icon,laravel,end
email-match,@laravel-news.com,fa-icon,laravel,end
email-match,.laravel-news.com,fa-icon,laravel,end
email-match,@last.fm,fa-icon,lastfm,end
email-match,.last.fm,fa-icon,lastfm,end
email-match,@leanpub.com,fa-icon,leanpub,end
email-match,.leanpub.com,fa-icon,leanpub,end
email-match,@lesscss.org,fa-icon,less,end
email-match,.lesscss.org,fa-icon,less,end
email-match,@line.me,fa-icon,line,end
email-match,.line.me,fa-icon,line,end
email-match,@linkedin.com,fa-icon,linkedin,end
email-match,.linkedin.com,fa-icon,linkedin,end
email-match,@linux.org,fa-icon,linux,end
email-match,.linux.org,fa-icon,linux,end
email-match,@linode.com,fa-icon,linode,end
email-match,.linode.com,fa-icon,linode,end
email-match,@lyft.com,fa-icon,lyft,end
email-match,.lyft.com,fa-icon,lyft,end

email-match,@magento.com,fa-icon,magento,end
email-match,.magento.com,fa-icon,magento,end
email-match,@mailchimp.com,fa-icon,mailchimp,end
email-match,.mailchimp.com,fa-icon,mailchimp,end
email-match,@mcsignup.com,fa-icon,mailchimp,end
email-match,.mcsignup.com,fa-icon,mailchimp,end
email-match,@mdbootstrap.com,fa-icon,mdb,end
email-match,.mdbootstrap.com,fa-icon,mdb,end
email-match,@medapps.com.au,fa-icon,medapps,end
email-match,.medapps.com.au,fa-icon,medapps,end
email-match,@medium.com,fa-icon,medium,end
email-match,.medium.com,fa-icon,medium,end
email-match,@medrt.com,fa-icon,medrt,end
email-match,.medrt.com,fa-icon,medrt,end
email-match,@meetup.com,fa-icon,meetup,end
email-match,.meetup.com,fa-icon,meetup,end
email-match,@megaport.com,fa-icon,megaport,end
email-match,.megaport.com,fa-icon,megaport,end
email-match,@micro.blog,fa-icon,microblog,end
email-match,.micro.blog,fa-icon,microblog,end
email-match,@appcenter.ms,fa-icon,microsoft,end
email-match,.appcenter.ms,fa-icon,microsoft,end
email-match,@bing.com,fa-icon,microsoft,end
email-match,.bing.com,fa-icon,microsoft,end
email-match,@bing.net,fa-icon,microsoft,end
email-match,.bing.net,fa-icon,microsoft,end
email-match,@bingads.com,fa-icon,microsoft,end
email-match,.bingads.com,fa-icon,microsoft,end
email-match,MarketInsights@microsoft.com,fa-icon,microsoft,end
email-match,@microsoft.com,fa-icon,microsoft,end
email-match,.microsoft.com,fa-icon,microsoft,end
email-match,@microsoftemails.com,fa-icon,microsoft,end
email-match,.microsoftemails.com,fa-icon,microsoft,end
email-match,@microsoftonline.com,fa-icon,microsoft,end
email-match,.microsoftonline.com,fa-icon,microsoft,end
email-match,@microsoftstoreemail.com,fa-icon,microsoft,end
email-match,@microsoftrewards.com,fa-icon,microsoft,end
email-match,.microsoftrewards.com,fa-icon,microsoft,end
email-match,@live.com,fa-icon,microsoft,end
email-match,.live.com,fa-icon,microsoft,end
email-match,@office.com,fa-icon,microsoft,end
email-match,.office.com,fa-icon,microsoft,end
email-match,@onedrive.com,fa-icon,microsoft,end
email-match,.onedrive.com,fa-icon,microsoft,end
email-match,@surface.com,fa-icon,microsoft,end
email-match,.surface.com,fa-icon,microsoft,end
email-match,@zune.com,fa-icon,microsoft,end
email-match,.zune.com,fa-icon,microsoft,end
email-match,@mixcloud.com,fa-icon,mixcloud,end
email-match,.mixcloud.com,fa-icon,mixcloud,end
email-match,@mixer.com,fa-icon,mixer,end
email-match,.mixer.com,fa-icon,mixer,end
email-match,@getmonero.org,fa-icon,monero,end
email-match,.getmonero.org,fa-icon,monero,end

email-match,@napster.com,fa-icon,napster,end
email-match,.napster.com,fa-icon,napster,end
email-match,@neos.io,fa-icon,neos,end
email-match,.neos.io,fa-icon,neos,end
email-match,@nimblr.ai,fa-icon,nimblr,end
email-match,.nimblr.ai,fa-icon,nimblr,end
email-match,@npmjs.com,fa-icon,npm,end
email-match,.npmjs.com,fa-icon,npm,end
email-match,@nodejs.org,fa-icon,node-js,end
email-match,.nodejs.org,fa-icon,node-js,end
email-match,@ns8.com,fa-icon,ns8,end
email-match,.ns8.com,fa-icon,ns8,end
email-match,@nutritionix.com,fa-icon,nutritionix,end
email-match,.nutritionix.com,fa-icon,nutritionix,end

email-match,@ok.ru,fa-icon,odnoklassniki,end
email-match,.ok.ru,fa-icon,odnoklassniki,end
email-match,@opencart.com,fa-icon,opencart,end
email-match,.opencart.com,fa-icon,opencart,end
email-match,@openid.net,fa-icon,openid,end
email-match,.openid.net,fa-icon,openid,end
email-match,@opera.com,fa-icon,opera,end
email-match,.opera.com,fa-icon,opera,end
email-match,@optinmonster.com,fa-icon,optin-monster,end
email-match,.optinmonster.com,fa-icon,optin-monster,end
email-match,@orcid.org,fa-icon,orcid,end
email-match,.orcid.org,fa-icon,orcid,end
email-match,@opensource.org,fa-icon,osi,end
email-match,.opensource.org,fa-icon,osi,end

email-match,@page4.com,fa-icon,page4,end
email-match,.page4.com,fa-icon,page4,end
email-match,@pagelines.com,fa-icon,pagelines,end
email-match,.pagelines.com,fa-icon,pagelines,end
email-match,@palfed.com,fa-icon,palfed,end
email-match,.palfed.com,fa-icon,palfed,end
email-match,@patreon.com,fa-icon,patreon,end
email-match,.patreon.com,fa-icon,patreon,end
email-match,@paypal.com,fa-icon,paypal,end
email-match,.paypal.com,fa-icon,paypal,end
email-match,@paypal.co.uk,fa-icon,paypal,end
email-match,.paypal.co.uk,fa-icon,paypal,end
email-match,@paypal.de,fa-icon,paypal,end
email-match,.paypal.de,fa-icon,paypal,end
email-match,@paypal.fr,fa-icon,paypal,end
email-match,.paypal.fr,fa-icon,paypal,end
email-match,@paypal.it,fa-icon,paypal,end
email-match,.paypal.it,fa-icon,paypal,end
email-match,@paypal-customerfeedback.com,fa-icon,paypal,end
email-match,.paypal-customerfeedback.com,fa-icon,paypal,end
email-match,@penny-arcade.com,fa-icon,penny-arcade,end
email-match,.penny-arcade.com,fa-icon,penny-arcade,end
email-match,@php.net,fa-icon,php,end
email-match,.php.net,fa-icon,php,end
email-match,@piedpiper.com,fa-icon,pied-piper-hat,end
email-match,.piedpiper.com,fa-icon,pied-piper-hat,end
email-match,@pinterest.com,fa-icon,pinterest,end
email-match,.pinterest.com,fa-icon,pinterest,end
email-match,@playstation.com,fa-icon,playstation,end
email-match,.playstation.com,fa-icon,playstation,end
email-match,@playstationmail.net,fa-icon,playstation,end
email-match,.playstationmail.net,fa-icon,playstation,end
email-match,@sonyentertainmentnetwork.com,fa-icon,playstation,end
email-match,.sonyentertainmentnetwork.com,fa-icon,playstation,end
email-match,@producthunt.com,fa-icon,product-hunt,end
email-match,.producthunt.com,fa-icon,product-hunt,end
email-match,@pushed.co,fa-icon,pushed,end
email-match,.pushed.co,fa-icon,pushed,end
email-match,@python.org,fa-icon,python,end
email-match,.python.org,fa-icon,python,end

email-match,@quinscape.de,fa-icon,quinscape,end
email-match,.quinscape.de,fa-icon,quinscape,end
email-match,@quora.com,fa-icon,quora,end
email-match,.quora.com,fa-icon,quora,end
email-match,@qq.com,fa-icon,qq,end
email-match,.qq.com,fa-icon,qq,end

email-match,@raspberrypi.org,fa-icon,raspberry-pi,end
email-match,.raspberrypi.org,fa-icon,raspberry-pi,end
email-match,@ravelry.com,fa-icon,ravelry,end
email-match,.ravelry.com,fa-icon,ravelry,end
email-match,@reactjs.org,fa-icon,react,end
email-match,.reactjs.org,fa-icon,react,end
email-match,@react-europe.org,fa-icon,reacteurope,end
email-match,.react-europe.org,fa-icon,reacteurope,end
email-match,@readme.com,fa-icon,readme,end
email-match,.readme.com,fa-icon,readme,end
email-match,@starwars.com,fa-icon,rebel,end
email-match,.starwars.com,fa-icon,rebel,end
email-match,@reddit.com,fa-icon,reddit,end
email-match,.reddit.com,fa-icon,reddit,end
email-match,@redhat.com,fa-icon,redhat,end
email-match,.redhat.com,fa-icon,redhat,end
email-match,@opensource.com,fa-icon,redhat,end
email-match,.opensource.com,fa-icon,redhat,end
email-match,@renren.com,fa-icon,renren,end
email-match,.renren.com,fa-icon,renren,end
email-match,@rev.io,fa-icon,rev,end
email-match,.rev.io,fa-icon,rev,end
email-match,@rocket.chat,fa-icon,rocketchat,end
email-match,.rocket.chat,fa-icon,rocketchat,end
email-match,@rockrms.com,fa-icon,rockrms,end
email-match,.rockrms.com,fa-icon,rockrms,end

email-match,@salesforce.com,fa-icon,salesforce,end
email-match,.salesforce.com,fa-icon,salesforce,end
email-match,@salesforce.org,fa-icon,salesforce,end
email-match,.salesforce.org,fa-icon,salesforce,end
email-match,@work.com,fa-icon,salesforce,end
email-match,.work.com,fa-icon,salesforce,end
email-match,@sass-lang.com,fa-icon,sass,end
email-match,.sass-lang.com,fa-icon,sass,end
email-match,@schlix.com,fa-icon,schlix,end
email-match,.schlix.com,fa-icon,schlix,end
email-match,@scribd.com,fa-icon,scribd,end
email-match,.scribd.com,fa-icon,scribd,end
email-match,@sellcast.com,fa-icon,sellcast,end
email-match,.sellcast.com,fa-icon,sellcast,end
email-match,@sellsy.com,fa-icon,sellsy,end
email-match,.sellsy.com,fa-icon,sellsy,end
email-match,@servicestack.net,fa-icon,servicestack,end
email-match,.servicestack.net,fa-icon,servicestack,end
email-match,@shopify.com,fa-icon,shopify,end
email-match,.shopify.com,fa-icon,shopify,end
email-match,@shopware.com,fa-icon,shopware,end
email-match,.shopware.com,fa-icon,shopware,end
email-match,@simplybuilt.com,fa-icon,simplybuilt,end
email-match,.simplybuilt.com,fa-icon,simplybuilt,end
email-match,@sistrix.com,fa-icon,sistrix,end
email-match,.sistrix.com,fa-icon,sistrix,end
email-match,@sketch.com,fa-icon,sketch,end
email-match,.sketch.com,fa-icon,sketch,end
email-match,@skyatlas.com,fa-icon,skyatlas,end
email-match,.skyatlas.com,fa-icon,skyatlas,end
email-match,@skype.com,fa-icon,skype,end
email-match,.skype.com,fa-icon,skype,end
email-match,@skype.de,fa-icon,skype,end
email-match,.skype.de,fa-icon,skype,end
email-match,@skype.eu,fa-icon,skype,end
email-match,.skype.eu,fa-icon,skype,end
email-match,@skype.fr,fa-icon,skype,end
email-match,.skype.fr,fa-icon,skype,end
email-match,@skype.it,fa-icon,skype,end
email-match,.skype.it,fa-icon,skype,end
email-match,@skype.net,fa-icon,skype,end
email-match,.skype.net,fa-icon,skype,end
email-match,@slack.com,fa-icon,slack,end
email-match,.slack.com,fa-icon,slack,end
email-match,@slackhq.com,fa-icon,slack,end
email-match,.slackhq.com,fa-icon,slack,end
email-match,@slideshare.net,fa-icon,slideshare,end
email-match,.slideshare.net,fa-icon,slideshare,end
email-match,@snapchat.com,fa-icon,snapchat,end
email-match,.snapchat.com,fa-icon,snapchat,end
email-match,@soundcloud.com,fa-icon,soundcloud,end
email-match,.soundcloud.com,fa-icon,soundcloud,end
email-match,@soundcloudmail.com,fa-icon,soundcloud,end
email-match,.soundcloudmail.com,fa-icon,soundcloud,end
email-match,@speakap.com,fa-icon,speakap,end
email-match,.speakap.com,fa-icon,speakap,end
email-match,@speakerdeck.com,fa-icon,speaker-deck,end
email-match,.speakerdeck.com,fa-icon,speaker-deck,end
email-match,@spotify.com,fa-icon,spotify,end
email-match,.spotify.com,fa-icon,spotify,end
email-match,@squarespace.com,fa-icon,squarespace,end
email-match,.squarespace.com,fa-icon,squarespace,end
email-match,@stackexchange.com,fa-icon,stack-exchange,end
email-match,.stackexchange.com,fa-icon,stack-exchange,end
email-match,@stackoverflow.com,fa-icon,stack-overflow,end
email-match,.stackoverflow.com,fa-icon,stack-overflow,end
email-match,@stackoverflow.email,fa-icon,stack-overflow,end
email-match,.stackoverflow.email,fa-icon,stack-overflow,end
email-match,.stackoverflow.email,fa-icon,stack-overflow,end
email-match,@stackpath.com,fa-icon,stackpath,end
email-match,.stackpath.com,fa-icon,stackpath,end
email-match,@staylinked.com,fa-icon,staylinked,end
email-match,.staylinked.com,fa-icon,staylinked,end
email-match,@steampowered.com,fa-icon,steam,end
email-match,.steampowered.com,fa-icon,steam,end
email-match,@strava.com,fa-icon,strava,end
email-match,.strava.com,fa-icon,strava,end
email-match,@studiovinari.com,fa-icon,studiovinari,end
email-match,.studiovinari.com,fa-icon,studiovinari,end
email-match,@stripe.com,fa-icon,stripe,end
email-match,.stripe.com,fa-icon,stripe,end
email-match,@opensuse.org,fa-icon,suse,end
email-match,.opensuse.org,fa-icon,suse,end
email-match,@swift.org,fa-icon,swift,end
email-match,.swift.org,fa-icon,swift,end
email-match,@symfony.com,fa-icon,symfony,end
email-match,.symfony.com,fa-icon,symfony,end

email-match,@teamspeak.com,fa-icon,teamspeak,end
email-match,.teamspeak.com,fa-icon,teamspeak,end
email-match,@telegram.org,fa-icon,telegram,end
email-match,.telegram.org,fa-icon,telegram,end
email-match,@t.qq.com,fa-icon,tencent-weibo,end
email-match,.t.qq.com,fa-icon,tencent-weibo,end
email-match,@theme.co,fa-icon,themeco,end
email-match,.theme.co,fa-icon,themeco,end
email-match,@themeisle.com,fa-icon,themeisle,end
email-match,.themeisle.com,fa-icon,themeisle,end
email-match,@thinkpeaks.com,fa-icon,think-peaks,end
email-match,.thinkpeaks.com,fa-icon,think-peaks,end
email-match,@trello.com,fa-icon,trello,end
email-match,.trello.com,fa-icon,trello,end
email-match,@tripadvisor.com,fa-icon,tripadvisor,end
email-match,.tripadvisor.com,fa-icon,tripadvisor,end
email-match,@tumblr.com,fa-icon,tumblr,end
email-match,.tumblr.com,fa-icon,tumblr,end
email-match,@twitch.tv,fa-icon,twitch,end
email-match,.twitch.tv,fa-icon,twitch,end
email-match,@twitter.com,fa-icon,twitter,end
email-match,.twitter.com,fa-icon,twitter,end
email-match,@typo3.com,fa-icon,typo3,end
email-match,.typo3.com,fa-icon,typo3,end
email-match,@typo3.org,fa-icon,typo3,end
email-match,.typo3.org,fa-icon,typo3,end

email-match,@uber.com,fa-icon,uber,end
email-match,.uber.com,fa-icon,uber,end
email-match,@ubuntu.com,fa-icon,ubuntu,end
email-match,.ubuntu.com,fa-icon,ubuntu,end
email-match,@getuikit.com,fa-icon,uikit,end
email-match,.getuikit.com,fa-icon,uikit,end
email-match,@umbraco.com,fa-icon,umbraco,end
email-match,.umbraco.com,fa-icon,umbraco,end
email-match,@uniregistry.com,fa-icon,uniregistry,end
email-match,.uniregistry.com,fa-icon,uniregistry,end
email-match,@unity.com,fa-icon,unity,end
email-match,.unity.com,fa-icon,unity,end
email-match,@untappd.com,fa-icon,untappd,end
email-match,.untappd.com,fa-icon,untappd,end
email-match,@ups.com,fa-icon,ups,end
email-match,.ups.com,fa-icon,ups,end
email-match,@usb.org,fa-icon,usb,end
email-match,.usb.org,fa-icon,usb,end
email-match,@usps.com,fa-icon,usps,end
email-match,.usps.com,fa-icon,usps,end
email-match,@ussunnah.org,fa-icon,ussunnah,end
email-match,.ussunnah.org,fa-icon,ussunnah,end

email-match,@vaadin.com,fa-icon,vaadin,end
email-match,.vaadin.com,fa-icon,vaadin,end
email-match,@viacoin.org,fa-icon,viacoin,end
email-match,.viacoin.org,fa-icon,viacoin,end
email-match,@viadeo.com,fa-icon,viadeo,end
email-match,.viadeo.com,fa-icon,viadeo,end
email-match,@viber.com,fa-icon,viber,end
email-match,.viber.com,fa-icon,viber,end
email-match,@viber.co.jp,fa-icon,viber,end
email-match,.viber.co.jp,fa-icon,viber,end
email-match,@vimeo.com,fa-icon,vimeo-v,end
email-match,.vimeo.com,fa-icon,vimeo-v,end
email-match,@vuejs.org,fa-icon,vuejs,end
email-match,.vuejs.org,fa-icon,vuejs,end

email-match,@waze.com,fa-icon,waze,end
email-match,.waze.com,fa-icon,waze,end
email-match,@weebly.com,fa-icon,weebly,end
email-match,.weebly.com,fa-icon,weebly,end
email-match,@weibo.com,fa-icon,weibo,end
email-match,.weibo.com,fa-icon,weibo,end
email-match,@whatsapp.com,fa-icon,whatsapp,end
email-match,.whatsapp.com,fa-icon,whatsapp,end
email-match,@whmcs.com,fa-icon,whmcs,end
email-match,.whmcs.com,fa-icon,whmcs,end
email-match,@wikimedia.org,fa-icon,wikipedia-w,end
email-match,.wikimedia.org,fa-icon,wikipedia-w,end
email-match,@wikipedia.org,fa-icon,wikipedia-w,end
email-match,.wikipedia.org,fa-icon,wikipedia-w,end
email-match,@windowslive.com,fa-icon,windows,end
email-match,.windowslive.com,fa-icon,windows,end
email-match,@windowsmobile.com,fa-icon,windows,end
email-match,.windowsmobile.com,fa-icon,windows,end
email-match,@windowsphone.com,fa-icon,windows,end
email-match,.windowsphone.com,fa-icon,windows,end
email-match,@wix.com,fa-icon,wix,end
email-match,.wix.com,fa-icon,wix,end
email-match,@wizards.com,fa-icon,wizards-of-the-coast,end
email-match,.wizards.com,fa-icon,wizards-of-the-coast,end
email-match,@wordpress.com,fa-icon,wordpress,end
email-match,.wordpress.com,fa-icon,wordpress,end
email-match,@wordpress.org,fa-icon,wordpress,end
email-match,.wordpress.org,fa-icon,wordpress,end
email-match,@wpbeginner.com,fa-icon,wpbeginner,end
email-match,.wpbeginner.com,fa-icon,wpbeginner,end
email-match,@wpexplorer.com,fa-icon,wpexplorer,end
email-match,.wpexplorer.com,fa-icon,wpexplorer,end
email-match,@wpforms.com,fa-icon,wpforms,end
email-match,.wpforms.com,fa-icon,wpforms,end
email-match,@wpressr.com,fa-icon,wpressr,end
email-match,.wpressr.com,fa-icon,wpressr,end

email-match,@xbox.com,fa-icon,xbox,end
email-match,.xbox.com,fa-icon,xbox,end
email-match,@xboxone.com,fa-icon,xbox,end
email-match,.xboxone.com,fa-icon,xbox,end
email-match,@xing.com,fa-icon,xing,end
email-match,.xing.com,fa-icon,xing,end

email-match,@yahoo.net,fa-icon,yahoo,end
email-match,.yahoo.net,fa-icon,yahoo,end
email-match,@yahoo-inc.com,fa-icon,yahoo,end
email-match,.yahoo-inc.com,fa-icon,yahoo,end
email-match,@yammer.com,fa-icon,yammer,end
email-match,.yammer.com,fa-icon,yammer,end
email-match,.yandex.com,fa-icon,yandex,end
email-match,.yandex.ru,fa-icon,yandex,end
email-match,@yarn.com,fa-icon,yarn,end
email-match,.yarn.com,fa-icon,yarn,end
email-match,@yelp.com,fa-icon,yelp,end
email-match,.yelp.com,fa-icon,yelp,end
email-match,@yoast.com,fa-icon,yoast,end
email-match,.yoast.com,fa-icon,yoast,end
email-match,@youtube.com,fa-icon,youtube,end
email-match,.youtube.com,fa-icon,youtube,end

email-match,@zhihu.com,fa-icon,zhihu,end
email-match,.zhihu.com,fa-icon,zhihu,end
